--
-- PostgreSQL database dump
--

-- Dumped from database version 12.9 (Ubuntu 12.9-2.pgdg20.04+1)
-- Dumped by pg_dump version 12.9 (Ubuntu 12.9-2.pgdg20.04+1)

SET statement_timeout = 0;
SET lock_timeout = 0;
SET idle_in_transaction_session_timeout = 0;
SET client_encoding = 'UTF8';
SET standard_conforming_strings = on;
SELECT pg_catalog.set_config('search_path', '', false);
SET check_function_bodies = false;
SET xmloption = content;
SET client_min_messages = warning;
SET row_security = off;

DROP DATABASE universe;
--
-- Name: universe; Type: DATABASE; Schema: -; Owner: freecodecamp
--

CREATE DATABASE universe WITH TEMPLATE = template0 ENCODING = 'UTF8' LC_COLLATE = 'C.UTF-8' LC_CTYPE = 'C.UTF-8';


ALTER DATABASE universe OWNER TO freecodecamp;

\connect universe

SET statement_timeout = 0;
SET lock_timeout = 0;
SET idle_in_transaction_session_timeout = 0;
SET client_encoding = 'UTF8';
SET standard_conforming_strings = on;
SELECT pg_catalog.set_config('search_path', '', false);
SET check_function_bodies = false;
SET xmloption = content;
SET client_min_messages = warning;
SET row_security = off;

SET default_tablespace = '';

SET default_table_access_method = heap;

--
-- Name: black_hall; Type: TABLE; Schema: public; Owner: freecodecamp
--

CREATE TABLE public.black_hall (
    black_hall_id integer NOT NULL,
    name character varying(20),
    release_date date NOT NULL
);


ALTER TABLE public.black_hall OWNER TO freecodecamp;

--
-- Name: black_hall_black_hall_id_seq; Type: SEQUENCE; Schema: public; Owner: freecodecamp
--

CREATE SEQUENCE public.black_hall_black_hall_id_seq
    AS integer
    START WITH 1
    INCREMENT BY 1
    NO MINVALUE
    NO MAXVALUE
    CACHE 1;


ALTER TABLE public.black_hall_black_hall_id_seq OWNER TO freecodecamp;

--
-- Name: black_hall_black_hall_id_seq; Type: SEQUENCE OWNED BY; Schema: public; Owner: freecodecamp
--

ALTER SEQUENCE public.black_hall_black_hall_id_seq OWNED BY public.black_hall.black_hall_id;


--
-- Name: galaxy; Type: TABLE; Schema: public; Owner: freecodecamp
--

CREATE TABLE public.galaxy (
    galaxy_id integer NOT NULL,
    name character varying(20) NOT NULL,
    description text,
    age_in_millions_of_years numeric,
    number_of_stars integer
);


ALTER TABLE public.galaxy OWNER TO freecodecamp;

--
-- Name: galaxy_galaxy_id_seq; Type: SEQUENCE; Schema: public; Owner: freecodecamp
--

CREATE SEQUENCE public.galaxy_galaxy_id_seq
    AS integer
    START WITH 1
    INCREMENT BY 1
    NO MINVALUE
    NO MAXVALUE
    CACHE 1;


ALTER TABLE public.galaxy_galaxy_id_seq OWNER TO freecodecamp;

--
-- Name: galaxy_galaxy_id_seq; Type: SEQUENCE OWNED BY; Schema: public; Owner: freecodecamp
--

ALTER SEQUENCE public.galaxy_galaxy_id_seq OWNED BY public.galaxy.galaxy_id;


--
-- Name: moon; Type: TABLE; Schema: public; Owner: freecodecamp
--

CREATE TABLE public.moon (
    moon_id integer NOT NULL,
    name character varying(20) NOT NULL,
    is_spherical boolean NOT NULL,
    planet_id integer,
    distance_from_planet numeric
);


ALTER TABLE public.moon OWNER TO freecodecamp;

--
-- Name: moon_moon_id_seq; Type: SEQUENCE; Schema: public; Owner: freecodecamp
--

CREATE SEQUENCE public.moon_moon_id_seq
    AS integer
    START WITH 1
    INCREMENT BY 1
    NO MINVALUE
    NO MAXVALUE
    CACHE 1;


ALTER TABLE public.moon_moon_id_seq OWNER TO freecodecamp;

--
-- Name: moon_moon_id_seq; Type: SEQUENCE OWNED BY; Schema: public; Owner: freecodecamp
--

ALTER SEQUENCE public.moon_moon_id_seq OWNED BY public.moon.moon_id;


--
-- Name: planet; Type: TABLE; Schema: public; Owner: freecodecamp
--

CREATE TABLE public.planet (
    planet_id integer NOT NULL,
    name character varying(20) NOT NULL,
    is_wather boolean NOT NULL,
    star_id integer,
    number_of_satellites integer
);


ALTER TABLE public.planet OWNER TO freecodecamp;

--
-- Name: planet_palnet_id_seq; Type: SEQUENCE; Schema: public; Owner: freecodecamp
--

CREATE SEQUENCE public.planet_palnet_id_seq
    AS integer
    START WITH 1
    INCREMENT BY 1
    NO MINVALUE
    NO MAXVALUE
    CACHE 1;


ALTER TABLE public.planet_palnet_id_seq OWNER TO freecodecamp;

--
-- Name: planet_palnet_id_seq; Type: SEQUENCE OWNED BY; Schema: public; Owner: freecodecamp
--

ALTER SEQUENCE public.planet_palnet_id_seq OWNED BY public.planet.planet_id;


--
-- Name: star; Type: TABLE; Schema: public; Owner: freecodecamp
--

CREATE TABLE public.star (
    star_id integer NOT NULL,
    name character varying(20) NOT NULL,
    galaxy_id integer,
    number_of_planets integer,
    color character varying(15)
);


ALTER TABLE public.star OWNER TO freecodecamp;

--
-- Name: star_star_id_seq; Type: SEQUENCE; Schema: public; Owner: freecodecamp
--

CREATE SEQUENCE public.star_star_id_seq
    AS integer
    START WITH 1
    INCREMENT BY 1
    NO MINVALUE
    NO MAXVALUE
    CACHE 1;


ALTER TABLE public.star_star_id_seq OWNER TO freecodecamp;

--
-- Name: star_star_id_seq; Type: SEQUENCE OWNED BY; Schema: public; Owner: freecodecamp
--

ALTER SEQUENCE public.star_star_id_seq OWNED BY public.star.star_id;


--
-- Name: black_hall black_hall_id; Type: DEFAULT; Schema: public; Owner: freecodecamp
--

ALTER TABLE ONLY public.black_hall ALTER COLUMN black_hall_id SET DEFAULT nextval('public.black_hall_black_hall_id_seq'::regclass);


--
-- Name: galaxy galaxy_id; Type: DEFAULT; Schema: public; Owner: freecodecamp
--

ALTER TABLE ONLY public.galaxy ALTER COLUMN galaxy_id SET DEFAULT nextval('public.galaxy_galaxy_id_seq'::regclass);


--
-- Name: moon moon_id; Type: DEFAULT; Schema: public; Owner: freecodecamp
--

ALTER TABLE ONLY public.moon ALTER COLUMN moon_id SET DEFAULT nextval('public.moon_moon_id_seq'::regclass);


--
-- Name: planet planet_id; Type: DEFAULT; Schema: public; Owner: freecodecamp
--

ALTER TABLE ONLY public.planet ALTER COLUMN planet_id SET DEFAULT nextval('public.planet_palnet_id_seq'::regclass);


--
-- Name: star star_id; Type: DEFAULT; Schema: public; Owner: freecodecamp
--

ALTER TABLE ONLY public.star ALTER COLUMN star_id SET DEFAULT nextval('public.star_star_id_seq'::regclass);


--
-- Data for Name: black_hall; Type: TABLE DATA; Schema: public; Owner: freecodecamp
--

INSERT INTO public.black_hall VALUES (1, 'chorna', '1990-09-21');
INSERT INTO public.black_hall VALUES (2, 'papo', '1992-01-03');
INSERT INTO public.black_hall VALUES (3, 'kukusha', '1991-04-08');


--
-- Data for Name: galaxy; Type: TABLE DATA; Schema: public; Owner: freecodecamp
--

INSERT INTO public.galaxy VALUES (1, 'imis naxtomi', 'chveni galaqtika, kai galaqtika', 34.3, 30000);
INSERT INTO public.galaxy VALUES (2, 'shvelis naxtomi', 'chveni mezobeli galaqtika', 35.6, 45);
INSERT INTO public.galaxy VALUES (3, 'nukris naxtomi', 'chveni mezobeli galaqtikis shvili galaqtika', 12.5, 24);
INSERT INTO public.galaxy VALUES (4, 'vefxvis naxtomi', 'chveni shechma unda am galaqtikas', 65.23, 32);
INSERT INTO public.galaxy VALUES (5, 'mglis biliki', 'sufta qurduli galaqtikaa, mand irchveba mtyuan martali', 102.345, 777);
INSERT INTO public.galaxy VALUES (6, 'datvis bajbaji', 'jigari galaqtika babu', 34.5, 5);


--
-- Data for Name: moon; Type: TABLE DATA; Schema: public; Owner: freecodecamp
--

INSERT INTO public.moon VALUES (1, 'mtvare', true, 1, NULL);
INSERT INTO public.moon VALUES (2, 'moon1', true, 2, NULL);
INSERT INTO public.moon VALUES (3, 'moon2', true, 2, NULL);
INSERT INTO public.moon VALUES (4, 'moon3', true, 3, NULL);
INSERT INTO public.moon VALUES (5, 'moon4', true, 2, NULL);
INSERT INTO public.moon VALUES (6, 'moon5', true, 3, NULL);
INSERT INTO public.moon VALUES (7, 'moon6', false, 2, NULL);
INSERT INTO public.moon VALUES (8, 'moon7', false, 4, NULL);
INSERT INTO public.moon VALUES (9, 'moon8', true, 5, NULL);
INSERT INTO public.moon VALUES (10, 'moon9', true, 6, NULL);
INSERT INTO public.moon VALUES (11, 'moon10', false, 7, NULL);
INSERT INTO public.moon VALUES (12, 'moon11', true, 8, NULL);
INSERT INTO public.moon VALUES (13, 'moon12', true, 8, NULL);
INSERT INTO public.moon VALUES (14, 'moon13', true, 2, NULL);
INSERT INTO public.moon VALUES (15, 'moon14', true, 2, NULL);
INSERT INTO public.moon VALUES (16, 'moon15', true, 3, NULL);
INSERT INTO public.moon VALUES (17, 'moon16', true, 2, NULL);
INSERT INTO public.moon VALUES (18, 'moon17', true, 3, NULL);
INSERT INTO public.moon VALUES (19, 'moon18', false, 2, NULL);
INSERT INTO public.moon VALUES (20, 'moon19', false, 4, NULL);


--
-- Data for Name: planet; Type: TABLE DATA; Schema: public; Owner: freecodecamp
--

INSERT INTO public.planet VALUES (1, 'dedamiwa', true, 1, 1);
INSERT INTO public.planet VALUES (2, 'merkuri', true, 1, 0);
INSERT INTO public.planet VALUES (3, 'saturni', false, 1, 12);
INSERT INTO public.planet VALUES (4, 'planeta1', false, 2, 3);
INSERT INTO public.planet VALUES (5, 'planeta2', false, 2, 0);
INSERT INTO public.planet VALUES (6, 'planet3', false, 3, 0);
INSERT INTO public.planet VALUES (7, 'planet4', false, 3, 0);
INSERT INTO public.planet VALUES (8, 'planet4', false, 4, 1);
INSERT INTO public.planet VALUES (9, 'planet5', false, 5, 9);
INSERT INTO public.planet VALUES (10, 'planet6', false, 6, 3);
INSERT INTO public.planet VALUES (11, 'planet7', false, 3, 0);
INSERT INTO public.planet VALUES (12, 'planet8', false, 4, 1);


--
-- Data for Name: star; Type: TABLE DATA; Schema: public; Owner: freecodecamp
--

INSERT INTO public.star VALUES (1, 'mze', 1, 9, 'Yellow');
INSERT INTO public.star VALUES (2, 'didi juja', 2, 32, 'blue');
INSERT INTO public.star VALUES (3, 'patara juja', 3, 16, 'orange');
INSERT INTO public.star VALUES (4, 'mzisshili', 3, 7, 'green');
INSERT INTO public.star VALUES (5, 'witeli varskvlavi', 4, 12, 'Red');
INSERT INTO public.star VALUES (6, 'qurduli varskvlavi', 5, 8, 'black');


--
-- Name: black_hall_black_hall_id_seq; Type: SEQUENCE SET; Schema: public; Owner: freecodecamp
--

SELECT pg_catalog.setval('public.black_hall_black_hall_id_seq', 3, true);


--
-- Name: galaxy_galaxy_id_seq; Type: SEQUENCE SET; Schema: public; Owner: freecodecamp
--

SELECT pg_catalog.setval('public.galaxy_galaxy_id_seq', 6, true);


--
-- Name: moon_moon_id_seq; Type: SEQUENCE SET; Schema: public; Owner: freecodecamp
--

SELECT pg_catalog.setval('public.moon_moon_id_seq', 20, true);


--
-- Name: planet_palnet_id_seq; Type: SEQUENCE SET; Schema: public; Owner: freecodecamp
--

SELECT pg_catalog.setval('public.planet_palnet_id_seq', 12, true);


--
-- Name: star_star_id_seq; Type: SEQUENCE SET; Schema: public; Owner: freecodecamp
--

SELECT pg_catalog.setval('public.star_star_id_seq', 6, true);


--
-- Name: black_hall black_hall_name_key; Type: CONSTRAINT; Schema: public; Owner: freecodecamp
--

ALTER TABLE ONLY public.black_hall
    ADD CONSTRAINT black_hall_name_key UNIQUE (name);


--
-- Name: black_hall black_hall_pkey; Type: CONSTRAINT; Schema: public; Owner: freecodecamp
--

ALTER TABLE ONLY public.black_hall
    ADD CONSTRAINT black_hall_pkey PRIMARY KEY (black_hall_id);


--
-- Name: galaxy galaxy_galaxy_id_key; Type: CONSTRAINT; Schema: public; Owner: freecodecamp
--

ALTER TABLE ONLY public.galaxy
    ADD CONSTRAINT galaxy_galaxy_id_key UNIQUE (galaxy_id);


--
-- Name: galaxy galaxy_pkey; Type: CONSTRAINT; Schema: public; Owner: freecodecamp
--

ALTER TABLE ONLY public.galaxy
    ADD CONSTRAINT galaxy_pkey PRIMARY KEY (galaxy_id);


--
-- Name: moon moon_moon_id_key; Type: CONSTRAINT; Schema: public; Owner: freecodecamp
--

ALTER TABLE ONLY public.moon
    ADD CONSTRAINT moon_moon_id_key UNIQUE (moon_id);


--
-- Name: moon moon_pkey; Type: CONSTRAINT; Schema: public; Owner: freecodecamp
--

ALTER TABLE ONLY public.moon
    ADD CONSTRAINT moon_pkey PRIMARY KEY (moon_id);


--
-- Name: planet planet_pkey; Type: CONSTRAINT; Schema: public; Owner: freecodecamp
--

ALTER TABLE ONLY public.planet
    ADD CONSTRAINT planet_pkey PRIMARY KEY (planet_id);


--
-- Name: planet planet_planet_id_key; Type: CONSTRAINT; Schema: public; Owner: freecodecamp
--

ALTER TABLE ONLY public.planet
    ADD CONSTRAINT planet_planet_id_key UNIQUE (planet_id);


--
-- Name: star star_pkey; Type: CONSTRAINT; Schema: public; Owner: freecodecamp
--

ALTER TABLE ONLY public.star
    ADD CONSTRAINT star_pkey PRIMARY KEY (star_id);


--
-- Name: star star_star_id_key; Type: CONSTRAINT; Schema: public; Owner: freecodecamp
--

ALTER TABLE ONLY public.star
    ADD CONSTRAINT star_star_id_key UNIQUE (star_id);


--
-- Name: moon moon_planet_id_fkey; Type: FK CONSTRAINT; Schema: public; Owner: freecodecamp
--

ALTER TABLE ONLY public.moon
    ADD CONSTRAINT moon_planet_id_fkey FOREIGN KEY (planet_id) REFERENCES public.planet(planet_id);


--
-- Name: planet planet_star_id_fkey; Type: FK CONSTRAINT; Schema: public; Owner: freecodecamp
--

ALTER TABLE ONLY public.planet
    ADD CONSTRAINT planet_star_id_fkey FOREIGN KEY (star_id) REFERENCES public.star(star_id);


--
-- Name: star star_galaxy_id_fkey; Type: FK CONSTRAINT; Schema: public; Owner: freecodecamp
--

ALTER TABLE ONLY public.star
    ADD CONSTRAINT star_galaxy_id_fkey FOREIGN KEY (galaxy_id) REFERENCES public.galaxy(galaxy_id);


--
-- PostgreSQL database dump complete
--

